{
	"input": {
		"mins": [
			-0.792620695914541,
			-30.6587329767644,
			-2.04836630821228,
			-0.848680880334642,
			-0.819991886615753,
			-2.04641041836955,
			0.07692307692307693,
			0.07692307692307693,
			0,
			0,
			0,
			-1.78364478051662,
			-3.40329062193632,
			-1.32215865850449,
			0.014285714285714285,
			-0.868185895710037,
			-29.9232438057661,
			-1.90217778086662,
			-1.65479032056672,
			-1.52387306466699,
			-1.26997897773981,
			0,
			0,
			0,
			0,
			0,
			-6.7706153690815,
			-7.89921098947525,
			-9.42105102539062,
			0
		],
		"maxes": [
			1.39399690367281,
			58.7846148014069,
			4.0836706161499,
			3.21930973231792,
			1.48910808960597,
			4.65725314617157,
			0.8823529411764706,
			0.9047619047619048,
			1,
			1,
			0.9230769230769231,
			3.19553044438362,
			6.96635066717863,
			7.19619569182396,
			0.8727272727272727,
			1.82605245709419,
			48.62205594033,
			4.13625256717205,
			1.52140579223633,
			1.91677621432713,
			4.45873165130615,
			1,
			1,
			1,
			1,
			1,
			3.64756851270795,
			5.14719259738922,
			6.43861949443817,
			0.9259259259259259
		]
	},
	"output": {
		"mins": [
			0
		],
		"maxes": [
			1
		]
	}
}